{"current":{"featured_product_id_1":"frontpage","featured_product_id_2":"bag","featured_product_id_3":"shoe","color_picker":"white, green, blue, dfff, fdfdfd, LightBlue","pagination_limit_count":"6","left_sidebar_handle":"left_sidebar","user":"shopify:\/\/shop_images\/user.png","map-marker":"shopify:\/\/shop_images\/user.png","latlng":"23.806945,90.3635427","cart_notes_enable":true,"cart_vendor_enable":true,"ajax_cart_method":"page","show_multiple_currencies":true,"currency_format":"money_format","supported_currencies":"INR GBP CAD USD AUD EUR JPY BRL BDT","default_currency":"USD","checkout_header_image":"","checkout_logo_image":"","checkout_logo_position":"left","checkout_logo_size":"medium","checkout_body_background_image":"","checkout_body_background_color":"#fff","checkout_input_background_color_mode":"white","checkout_sidebar_background_image":"","checkout_sidebar_background_color":"#fafafa","checkout_heading_font":"Helvetica Neue","checkout_body_font":"Helvetica Neue","checkout_accent_color":"#1990c6","checkout_button_color":"#1990c6","checkout_error_color":"#ff6d6d","right_sidebar_handle":"left_sidebar","video_id":"dVcAOkVuzFo","product_description":true,"product_info":true,"welcome_shop":"Welcome our store","logo-2":"shopify:\/\/shop_images\/logo-black.png","header_top_menu":"footer","static_menu_enable":false,"color_primary":"#747474","color_secondary":"#bbb","color_borders":"#e5e5e5","color_body_bg":"#fff","color_body_text":"#333333","color_footer_bg":"#f2f2f2","color_footer_text":"#636363","color_footer_social_link":"#bbbbbb","footer_social_enable":true,"footer_newsletter_enable":true,"newsletter_form_action":"","social_twitter_link":"","social_facebook_link":"","logo_use_image":false,"logo_max_width":"450","favicon_enable":false,"checkout_use_storefront_logo":false,"sections":{"slider":{"type":"slider","blocks":{"1487829852798":{"type":"slide","settings":{"slider_img":"shopify:\/\/shop_images\/bg_slider22.jpg","slider_caption_1":"Caption 2","slider_caption_2":"Women’s Fashion","slider_caption_button":"Shop Now","slider_caption_url":"shopify:\/\/blogs\/news","slider_font_size":100}},"1487829754026":{"type":"slide","settings":{"slider_img":"shopify:\/\/shop_images\/bg_slider1.jpg","slider_caption_1":"New collection","slider_caption_2":"50% off","slider_caption_button":"Shop Now","slider_caption_url":"shopify:\/\/collections","slider_font_size":80}}},"block_order":["1487829852798","1487829754026"],"settings":{}},"tab-products":{"type":"tab-products","blocks":{"1488435960798":{"type":"tab_products","settings":{"collection":"shoe"}},"1488435956861":{"type":"tab_products","settings":{"collection":"frontpage"}},"1488435829231":{"type":"tab_products","settings":{"collection":"bag"}}},"block_order":["1488435960798","1488435956861","1488435829231"],"settings":{"underline-style-2":"shopify:\/\/shop_images\/underline-style-2.png"}},"banner-section":{"type":"banner-section","settings":{"banner_1":"shopify:\/\/shop_images\/bg_slider22.jpg","b1_title1":"New design"}},"home-blog":{"type":"home-blog","settings":{"home_blog":"news"}},"featured-product":{"type":"featured-product","settings":{"collection_title":"Featured Product","collection":"frontpage","p_limit":"5","col_item":"4"}},"special-product":{"type":"special-product","settings":{"faisal":"frontpage"}},"footer":{"type":"footer","settings":{"newsletter_action":"\/\/google.us11.list-manage.com\/subscribe\/post?u=af148c6e27ec166d17071fea7&amp;id=a8ac935e0b","footer_menu_1_rasel":"main-menu","footer_option":"twitterfeed","instafeed_user_id":"3314048741","access_token":"3314048741.1677ed0.312841e77dd94fd694b05808d34204f1"}},"header":{"type":"header","settings":{"welcome_shop":"","logo-2":"shopify:\/\/shop_images\/logo-black.png","header_top_menu":"main-menu","static_menu_enable":true}},"product-details":{"type":"product-details","settings":{"video_id":"FnCdOQsX5kc","product_description":true,"product_info":true}},"1492926945712":{"type":"featured-product","settings":{"collection_title":"Featured Products","collection":"frontpage","p_limit":"4","col_item":"4"}},"1492927520310":{"type":"tab-products","blocks":{"1492927520310-1":{"type":"tab_products","settings":{"collection":"shoe"}},"1492927520310-0":{"type":"tab_products","settings":{"collection":"bag"}},"1492927520310-2":{"type":"tab_products","settings":{"collection":"test"}}},"block_order":["1492927520310-1","1492927520310-0","1492927520310-2"],"settings":{"underline-style-2":""}},"1492927636507":{"type":"featured-product","settings":{"collection_title":"2nd time","collection":"bag","p_limit":"3","col_item":"3"}},"1492927969613":{"type":"home-blog","settings":{"home_blog":"news"}}},"content_for_index":["1492926945712","1492927520310","1492927636507","1492927969613"]},"presets":{"Default":{"ajax_cart_method":"drawer","cart_notes_enable":true,"color_body_bg":"#fff","color_body_text":"#333333","color_borders":"#e5e5e5","color_footer_bg":"#f2f2f2","color_footer_social_link":"#bbbbbb","color_footer_text":"#636363","color_primary":"#747474","color_secondary":"#bbb","favicon_enable":false,"footer_newsletter_enable":true,"footer_social_enable":true,"logo_use_image":false,"social_facebook_link":"","social_twitter_link":""}}}