[{"name":"Featured Product","settings":[{"type":"collection","id":"featured_product_id_1","label":"Choose Collection"},{"type":"collection","id":"featured_product_id_2","label":"Choose Collection 2"},{"type":"collection","id":"featured_product_id_3","label":"Choose Collection 3"},{"type":"textarea","id":"color_picker","label":"Your collection color","info":"e.g white, green"},{"type":"select","id":"pagination_limit_count","label":"Pagination Limit","options":[{"label":"6 product","value":"6"},{"label":"9 product","value":"9"}],"default":"9"},{"type":"select","id":"left_sidebar_handle","label":"Blog sidebar","options":[{"label":"Left Sidebar","value":"left_sidebar"},{"label":"Right Sidebar","value":"right_sidebar"},{"label":"No Sidebar","value":"no_sidbar"}],"default":"right_sidebar"},{"type":"image_picker","id":"user","label":"comment user"},{"type":"image_picker","id":"map-marker","label":"Map marker"},{"type":"text","id":"latlng","label":"latlang"}]},{"name":"Cart page","settings":[{"type":"checkbox","id":"cart_notes_enable","label":"Enable cart notes"},{"type":"checkbox","id":"cart_vendor_enable","label":"Show product vendor"},{"type":"select","id":"ajax_cart_method","label":"Cart type","options":[{"value":"drawer","label":"Drawer"},{"value":"page","label":"Page"}]}]},{"name":"Currency","settings":[{"type":"paragraph","content":"To offer multiple currencies on your online store, you must first [edit your store's currency formatting](https:\/\/help.shopify.com\/manual\/using-themes\/troubleshooting\/help-script-find-money-formats)."},{"type":"checkbox","id":"show_multiple_currencies","label":"Enable currency conversion","default":true,"info":"Even though prices are displayed in different currencies, orders will still be processed in your store's currency."},{"type":"select","id":"currency_format","label":"Format","options":[{"value":"money_format","label":"Without currency ($10.00)"},{"value":"money_with_currency_format","label":"With currency ($10.00 CAD)"}],"default":"money_with_currency_format"},{"type":"text","id":"supported_currencies","label":"Supported currencies","default":"INR GBP CAD USD AUD EUR JPY","info":"Use the country's ISO [currency code](http:\/\/www.xe.com\/iso4217.php). Separate your currency codes with a space."},{"type":"text","id":"default_currency","label":"Default currency","default":"USD"}]}]